GROUP,PACKAGE,CLASS,INSTRUCTION_MISSED,INSTRUCTION_COVERED,BRANCH_MISSED,BRANCH_COVERED,LINE_MISSED,LINE_COVERED,COMPLEXITY_MISSED,COMPLEXITY_COVERED,METHOD_MISSED,METHOD_COVERED
debit-cards-service,nttdata.bootcamp.debit_cards_service.Controller,DebitCardController,0,67,0,0,0,16,0,9,0,9
debit-cards-service,nttdata.bootcamp.debit_cards_service.Client,AccountClient,41,0,0,0,11,0,3,0,3,0
debit-cards-service,nttdata.bootcamp.debit_cards_service.Rules,DebitCardAccountRules,87,62,16,6,11,13,16,4,5,4
debit-cards-service,nttdata.bootcamp.debit_cards_service,DebitCardsServiceApplication,8,0,0,0,3,0,2,0,2,0
debit-cards-service,nttdata.bootcamp.debit_cards_service.Service,DebitCardNumberSequence,55,0,0,0,8,0,3,0,3,0
debit-cards-service,nttdata.bootcamp.debit_cards_service.Service.Implement,DebitCardServiceImpl,437,0,2,0,86,0,31,0,30,0
debit-cards-service,nttdata.bootcamp.debit_cards_service.Validation,ValidationSupport,0,34,0,2,0,7,0,3,0,2
debit-cards-service,nttdata.bootcamp.debit_cards_service.Config,WebClientConfig,0,5,0,0,0,2,0,2,0,2
debit-cards-service,nttdata.bootcamp.debit_cards_service.Mapper,DebitCardMapper,0,104,2,4,0,28,2,6,0,5
debit-cards-service,nttdata.bootcamp.debit_cards_service.Exception,GlobalExceptionHandler,0,64,0,0,0,21,0,5,0,5
debit-cards-service,nttdata.bootcamp.debit_cards_service.Exception,BusinessRuleException,0,4,0,0,0,2,0,1,0,1
